<?xml version="1.0" encoding="UTF-8"?>
<project xmlns="http://maven.apache.org/POM/4.0.0"
         xmlns:xsi="http://www.w3.org/2001/XMLSchema-instance"
         xsi:schemaLocation="http://maven.apache.org/POM/4.0.0 http://maven.apache.org/xsd/maven-4.0.0.xsd">
    <modelVersion>4.0.0</modelVersion>

    <groupId>dd.src.selenium</groupId>
    <artifactId>SeleniumFramework</artifactId>
    <version>1.0-SNAPSHOT</version>

    <developers>
        <developer>
            <name>DeyaniraDavila</name>
        </developer>
    </developers>
    <build>
        <plugins>
            <plugin>
                <groupId>org.apache.maven.plugins</groupId>
                <artifactId>maven-compiler-plugin</artifactId>
                <configuration>
                    <source>7</source>
                    <target>7</target>
                </configuration>
            </plugin>
        </plugins>
    </build>

    <scm>
        <connection>scm:git:git@github.com:SeleniumHQ/selenium.git</connection>
        <developerConnection>scm:git:git@github.com:SeleniumHQ/selenium.git</developerConnection>
        <url>https://github.com/SeleniumHQ/selenium/</url>
    </scm>
    <dependencies>
        <!-- https://mvnrepository.com/artifact/org.seleniumhq.selenium/selenium-java -->
        <dependency>
            <groupId>org.seleniumhq.selenium</groupId>
            <artifactId>selenium-java</artifactId>
            <version>3.12.0</version>
        </dependency>

        <dependency>
            <groupId>org.seleniumhq.selenium</groupId>
            <artifactId>selenium-chrome-driver</artifactId>
            <version>3.12.0</version>
            <classifier/>
        </dependency>
        <dependency>
            <groupId>org.seleniumhq.selenium</groupId>
            <artifactId>selenium-edge-driver</artifactId>
            <version>3.12.0</version>
            <classifier/>
        </dependency>
        <dependency>
            <groupId>org.seleniumhq.selenium</groupId>
            <artifactId>selenium-firefox-driver</artifactId>
            <version>3.12.0</version>
            <classifier/>
        </dependency>
        <dependency>
            <groupId>org.seleniumhq.selenium</groupId>
            <artifactId>selenium-ie-driver</artifactId>
            <version>3.12.0</version>
            <classifier/>
        </dependency>
        <dependency>
            <groupId>org.seleniumhq.selenium</groupId>
            <artifactId>selenium-opera-driver</artifactId>
            <version>3.12.0</version>
            <classifier/>
        </dependency>
        <dependency>
            <groupId>org.seleniumhq.selenium</groupId>
            <artifactId>selenium-safari-driver</artifactId>
            <version>3.12.0</version>
            <classifier/>
        </dependency>

        <dependency>
            <groupId>org.seleniumhq.selenium</groupId>
            <artifactId>selenium-support</artifactId>
            <version>3.12.0</version>
            <classifier/>
        </dependency>
        <dependency>
            <groupId>net.bytebuddy</groupId>
            <artifactId>byte-buddy</artifactId>
            <version>1.8.3</version>
            <classifier/>
        </dependency>
        <dependency>
            <groupId>org.apache.commons</groupId>
            <artifactId>commons-exec</artifactId>
            <version>1.3</version>
            <classifier/>
        </dependency>
        <dependency>
            <groupId>commons-codec</groupId>
            <artifactId>commons-codec</artifactId>
            <version>1.10</version>
            <classifier/>
        </dependency>
        <dependency>
            <groupId>commons-logging</groupId>
            <artifactId>commons-logging</artifactId>
            <version>1.2</version>
            <classifier/>
        </dependency>
        <dependency>
            <groupId>com.google.code.gson</groupId>
            <artifactId>gson</artifactId>
            <version>2.8.2</version>
            <classifier/>
        </dependency>
        <dependency>
            <groupId>com.google.guava</groupId>
            <artifactId>guava</artifactId>
            <version>23.6-jre</version>
            <classifier/>
        </dependency>
        <dependency>
            <groupId>org.apache.httpcomponents</groupId>
            <artifactId>httpclient</artifactId>
            <version>4.5.3</version>
            <classifier/>
        </dependency>
        <dependency>
            <groupId>org.apache.httpcomponents</groupId>
            <artifactId>httpcore</artifactId>
            <version>4.4.6</version>
            <classifier/>
        </dependency>
        <dependency>
            <groupId>com.squareup.okhttp3</groupId>
            <artifactId>okhttp</artifactId>
            <version>3.9.1</version>
            <classifier/>
        </dependency>
        <dependency>
            <groupId>com.squareup.okio</groupId>
            <artifactId>okio</artifactId>
            <version>1.13.0</version>
            <classifier/>
        </dependency>

        <!-- https://mvnrepository.com/artifact/org.apache.commons.io/commonsIO -->
        <dependency>
            <groupId>commons-io</groupId>
            <artifactId>commons-io</artifactId>
            <version>2.6</version>
        </dependency>

        <dependency>
            <groupId>org.apache.pdfbox</groupId>
            <artifactId>pdfbox</artifactId>
            <version>2.0.17</version>
        </dependency>

        <!-- https://mvnrepository.com/artifact/commons-logging/commons-logging -->
        <dependency>
            <groupId>commons-logging</groupId>
            <artifactId>commons-logging</artifactId>
            <version>1.2</version>
        </dependency>

        <dependency>
            <groupId>org.apache.pdfbox</groupId>
            <artifactId>fontbox</artifactId>
            <version>2.0.17</version>
        </dependency>

        <dependency>
            <groupId>hex.stmJava</groupId>
            <artifactId>STMJava</artifactId>
            <version>1.0-SNAPSHOT</version>
            <scope>system</scope>
            <systemPath>C:/Temp/JavaCABuild/RunnableSTMJava-1.0.jar</systemPath>
        </dependency>
    </dependencies>
</project>