Iteration,Skip,S.NO,Vehicle,DT_vinnumber,DT_odometer,DT_purchasetype,DT_purchasedate,DT_purchaseprice,DT_Inservicedate,DT_FinanceAmount,DT_FinanceType,DT_Financelength,DT_Msrp/Nada,DT_Select_Dealer,DT_Dealer_code,DT_Customer_FirstName,DT_Customer_Lastname,DT_Customer_BusinessName,DT_Customer_Addressline1,DT_Customer_AddressLine2,DT_Customer_zipcode,DT_Customerphone,DT_Cobuyer_firstName,DT_Cobuyer_Lastname,DT_Cobuyer_addressline1,DT_Cobuyer_AddressLine2,DT_Cobuyer_zipcode,DT_Cobuyer_phone,DT_Lien_name,DT_Cobuy_city
1,0,1,Mazda,JM1BPACL5K1108062,50,New,06/15/2019,29924,06/15/2019,8318,Purchase,12,4912,fremont Mazda,42167,Aaron,AutoTest1,Test Business,1000 N Washington Dr,Apt 2680,00544,(622) 622-3822,Zulma,CAutoTest1,9832 N Abelia Dr,Apt 11787,58424,(655) 499-2810,MFS Financial,LA
,,2,Mazda,JM1BPACL5K1108062,50,New,06/15/2019,25244,06/15/2019,13808,Lease,60,3317,fremont Mazda,42167,Abbey,AutoTest2,Test Business,1001 S Adams Sq,Apt 4805,00601,(786) 486-5186,Zulema,CAutoTest2,9833 S Acacia Sq,Apt 11864,72841,(488) 425-3498,MFS Financial,LA
,,3,Mazda,JM1BPACL5K1108062,50,New,05/15/2019,28574,05/15/2019,12493,Balloon,36,1409,fremont Mazda,42167,Abbie,AutoTest3,Test Business,1002 E Jefferson Ct,Apt 7925,00602,(737) 137-6937,Zula,CAutoTest3,9834 E Ailanthus Ct,Apt 10389,22039,(495) 561-7018,MFS Financial,LA
,,4,Mazda,JM1BPACL5K1108062,50,New,03/15/2019,28380,03/15/2019,10246,Cash,NA,8265,fremont Mazda,42167,Abby,AutoTest4,Test Business,1003 W Madison St,Apt 5379,00603,(600) 300-3800,Zoraida,CAutoTest4,9835 W Alder St,Apt 10417,60033,(460) 701-3824,MFS Financial,LA
,,5,Mazda,JM1BPAJM1K1119135,50,New,04/15/2019,25119,04/15/2019,9045,Purchase,60,6899,Galpin Mazda,42033,Abigail,AutoTest5,Test Business,1004 NS Monroe Rd,Apt 3515,00604,(577) 777-9177,Zora,CAutoTest5,9836 NS Allspice Rd,Apt 11680,08751,(202) 484-3282,MFS Financial,LA
